<?xml version="1.0" encoding="UTF-8" ?>
<!DOCTYPE mapper PUBLIC "-//mybatis.org//DTD Mapper 3.0//EN" "http://mybatis.org/dtd/mybatis-3-mapper.dtd" >
<mapper namespace="com.aig.dp.dao.sqlserver.mapper.UserMapper" >
    <resultMap id="BaseResultMap" type="com.aig.dp.dao.sqlserver.po.User" >
        <id column="ID" property="id" jdbcType="INTEGER" />
        <result column="Name" property="name" jdbcType="VARCHAR" />
        <result column="Password" property="password" jdbcType="VARCHAR" />
        <result column="Sex" property="sex" jdbcType="VARCHAR" />
        <result column="Role" property="role" jdbcType="VARCHAR" />
        <result column="Description" property="description" jdbcType="VARCHAR" />
        <result column="CreateDate" property="createDate" jdbcType="TIMESTAMP" />
        <result column="UpdateDate" property="updateDate" jdbcType="TIMESTAMP" />
    </resultMap>
    <sql id="Base_Column_List" >
        ID, Name, Sex,Role,Description
    </sql>
    <select id="getPersonsByID" resultMap="BaseResultMap" parameterType="java.lang.Integer" >
        select
        <include refid="Base_Column_List" />
        from t_user
        where id = #{id,jdbcType=INTEGER}
    </select>
    <select id="getPersons" resultMap="BaseResultMap" >
        select
        <include refid="Base_Column_List" />
        from t_user
    </select>
    
</mapper>