<?xml version="1.0" encoding="UTF-8" ?>
<configuration>

    <appender name="consoleLog" class="ch.qos.logback.core.ConsoleAppender">
      <!--   <Layout class="ch.qos.logback.classic.PatternLayout">
            <Pattern>%d{dd-MM-yyyy HH:mm:ss.SSS} [%thread] %-5level %logger{36}.%M - %msg%n</Pattern>
        </Layout> -->
        <encoder>
          <Pattern>%d{dd-MM-yyyy HH:mm:ss.SSS} [%thread] %-5level %logger{36}.%M - %msg%n</Pattern>
          <charset>UTF-8</charset>
        </encoder>
    </appender>

    <appender name="fileInfoLog" class="ch.qos.logback.core.rolling.RollingFileAppender">
        <filter class="ch.qos.logback.classic.filter.LevelFilter">
            <level>ERROR</level>
            <!--禁止-->
            <onMatch>DENY</onMatch>
            <!--接受-->
            <onMismatch>ACCEPT</onMismatch>
            <!--命中ERROR就DENY,没有命中ERROR就ACCEPT-->
            <!--filter三种操作，DENY(禁止),NEUTRAL(中立),ACCEPT(接受): 分别对应拒绝，忽略，接受-->
        </filter>
        <encoder>
            <Pattern>%d{dd-MM-yyyy HH:mm:ss.SSS} [%thread] %-5level %logger{36}.%M - %msg%n</Pattern>
            <charset>UTF-8</charset>
        </encoder>
        <!--滚动策略-->
        <rollingPolicy class="ch.qos.logback.core.rolling.TimeBasedRollingPolicy">
            <!--路径-->
            <fileNamePattern>c:/logs/dplog/info.%d.log</fileNamePattern>
        </rollingPolicy>
    </appender>

    <appender name="fileErrorLog" class="ch.qos.logback.core.rolling.RollingFileAppender">
        <filter class="ch.qos.logback.classic.filter.ThresholdFilter">
            <level>ERROR</level>
        </filter>
        <encoder>
            <Pattern>%d{dd-MM-yyyy HH:mm:ss.SSS} [%thread] %-5level %logger{36}.%M - %msg%n</Pattern>
            <charset>UTF-8</charset>
        </encoder>
        <!--滚动策略-->
        <rollingPolicy class="ch.qos.logback.core.rolling.TimeBasedRollingPolicy">
            <!--路径-->
            <fileNamePattern>c:/logs/dplog/error.%d.log</fileNamePattern>
        </rollingPolicy>
    </appender>

    <root level="info">
        <appender-ref ref="consoleLog"/>
        <appender-ref ref="fileInfoLog"/>
        <appender-ref ref="fileErrorLog"/>
    </root>
</configuration>