<?xml version="1.0" encoding="UTF-8"?>
<!DOCTYPE mapper PUBLIC "-//mybatis.org//DTD Mapper 3.0//EN" "http://mybatis.org/dtd/mybatis-3-mapper.dtd" >
<mapper namespace="com.aig.dp.dao.sqlserver.mapper.EmpInfoSearchMapper" >

    <sql id="User_info">
		 AccountID
		,Name
		,Branch
		,Position
		,AlternativePosition
		,EmployeeNo
		,ContactNo
		,EmailAccount
		,AgentQualificationNo
		,ProducerCode
		,Team
		,AssitantManager
		,Password
		,RoleID
		,StatusSubmitDate
		,StatusActiveDate
		,StatusFirstChangePwdDate
		,StatusInitPwdDate
		,StatusUpdatePwdDate
		,IsValid		
	</sql>
    
    
    <select  id="modifyEmpInfo" resultType="com.aig.dp.service.vo.UserVO">
	  select <include refid="User_info"/>  from T_User t where AccountID = #{accountId} 
    </select>
    
    <update id="updateEmpInfo" >
    	update T_User set name = #{name}, Branch=#{branch}, Position=#{position}, employeeNo=#{employeeNo},contactNo = #{contactNo},emailAccount = #{email},AgentqualificationNo = #{qualification}, team = #{team} where AccountID=#{accountId}
    </update>
    <select id="teamMemberSearch" resultType="com.aig.dp.service.vo.UserVO">
    	select name,branch,Position,AlternativePosition,Team,EmployeeNo,ContactNo,EmailAccount,AgentQualificationNo from T_User t where Team = #{team}
    </select>
    
</mapper>