<?xml version="1.0" encoding="UTF-8"?>
<!DOCTYPE mapper PUBLIC "-//mybatis.org//DTD Mapper 3.0//EN" "http://mybatis.org/dtd/mybatis-3-mapper.dtd" >
<mapper namespace="com.aig.dp.dao.sqlserver.mapper.GroupInfoSearchMapper" >
		<select id="empSearch" resultType="com.aig.dp.service.vo.UserVO">
			select name,branch,Position,AlternativePosition,Team
			,EmployeeNo,ContactNo,EmailAccount,AgentQualificationNo from dbo.T_User t where 1=1 
			<if test = "name!='' and name!=null"> and name like '%'+#{name}+'%' </if>
			<if test = "employeeNo!='' and employeeNo!= null"> and employeeNO like '%'+#{employeeNo}+'%' </if>
			<if test = "branch!='' and branch!=null"> and branch like '%'+#{branch}+'%' </if>
			<if test = "team!='' and team!=null"> and team like '%'+#{team}+'%'</if>
			<if test="annual!='' and annual!=null"> and year(UpdateDate) = #{annual}</if> 
		</select>
</mapper>
