<?xml version="1.0" encoding="UTF-8"?>
<!DOCTYPE mapper PUBLIC "-//mybatis.org//DTD Mapper 3.0//EN" "http://mybatis.org/dtd/mybatis-3-mapper.dtd" >
<mapper
	namespace="com.aig.dp.dao.sqlserver.mapper.GroupPccMapper">
	<sql id="User_info">
		name,branch,team,employeeNo
	</sql>
	
	<select id="doSearchForAssistant"
		resultType="com.aig.dp.service.vo.UserVO">
		select
		<include refid="User_info" />
		from T_User t where employeeNo = #{employeeId}
		<if test="inputFullName!='' and inputFullName!=null ">
			and name like '%'+#{inputFullName}+'%'
		</if>
		<if test="inputEmployeeId!='' and inputEmployeeId!=null"> and employeeNo like '%'+#{inputEmployeeId}+'%' </if>
	</select>
	
	<select id="doSearchForTM"
		resultType="com.aig.dp.service.vo.UserVO">
		select <include refid="User_info" /> from T_User t where team = #{team} 
		<if test="inputFullName!='' and inputFullName!=null"> and name like '%'+#{inputFullName}+'%' </if>
		<if test="inputEmployeeId!='' and inputEmployeeId!= null"> and employeeNo like '%'+#{inputEmployeeId}+'%' </if>
	</select>
	 
	<select id="doSearchForGM"
		resultType="com.aig.dp.service.vo.UserVO">
		select <include refid="User_info" /> from T_User t where branch = #{branch} 
		<if test="inputFullName!='' and inputFullName!=null"> and name like '%'+#{inputFullName}+'%' </if>
		<if test="inputEmployeeId!='' and inputEmployeeId!= null"> and employeeNo like '%'+#{inputEmployeeId}+'%' </if>
		<if test="inputTeam!='' and inputTeam!=null"> and team like '%'+#{inputTeam}+'%' </if>
	</select>
	<select id="doSearchForAdmin"
		resultType="com.aig.dp.service.vo.UserVO">
		select <include refid="User_info"/> from T_User t where 1=1 
		<if test="inputFullName!='' and inputFullName!= null"> and name like '%'+#{inputFullName}+'%' </if>
		<if test="inputEmployeeId!='' and inputEmployeeId!=null"> and employeeNo like '%'+#{inputEmployeeId}+'%' </if>
		<if test="inputTeam!='' and inputTeam!=null"> and team like '%'+#{inputTeam}+'%' </if>
	</select>
</mapper>
