<?xml version="1.0" encoding="UTF-8"?>
<!DOCTYPE mapper PUBLIC "-//mybatis.org//DTD Mapper 3.0//EN" "http://mybatis.org/dtd/mybatis-3-mapper.dtd" >
<mapper	namespace="com.aig.dp.dao.sqlserver.mapper.PolicySearchMapper">
	<select id="policySearch" resultType="com.aig.dp.service.vo.PolicyInfoVO">
 select u.branch,t.policyNo,t.PolicyeffectiveDate,t.POlicyExpireDate,t.submissionDate,t.commissionRatio,t.premium,t.Currency from T_PolicyInquiry t left join T_User u on u.EmployeeNo = t.employeeNo 
 where 1= 1 
 	<if test="branch!='' and branch != null"> and u.branch = #{branch} </if>
 	<if test="name!='' and name!=null"> and u.name = #{name} </if>
 	<if test="team!='' and team!=null "> and u.team = #{team} </if>
 	<if test="channel != '' and channel != null"> and t.channel = #{channel} </if>
 	<if test="majorLine!='' and majorLine!= null" > and t.majorLine = #{majorLine} </if>
  	<if test="minorLine!='' and minorLine != null"> and t.minorLine =#{minorLine} </if>
 	<if test="policyCode!='' and policyCode != null" > and t.policyNo = #{policyCode} </if>
 	<if test="userBranch!='' and userBranch!= null"> and u.branch = #{userBranch} </if>
	<if test="userEmployeeNo!='' and userEmployeeNo!=null" > and u.employeeNo = #{userEmployeeNo} </if>
 	<if test="userTeam!='' and userTeam!=null"> and u.team = #{userTeam} </if>
 	<if test="userPosition!='' and userPosition!= null" > and u.position = #{userPosition} </if>
	</select>
</mapper>